name,dirname,date,grader
Pointer Practice,PointerPractice,2019-12-03 23:55:00,
Linux Install,LinuxInstall,2019-12-02 23:55:00,
Userspace Threads,UserspaceThreadsLab1,2019-12-05 23:55:00,crowelso@
ADVANCED Userspace Threads With Preemption,UserspaceThreadsLab2,2019-12-09 23:55:00,wangj14@
Simple Shell/Makefiles,SimpleShell,2019-12-12 23:55:00,crowelso@
BareMetalOs InputOutput,BareMetalOS/InputOutput,2019-12-16 23:55:00,
ADVANCED Ext2 Filesystem,,2019-12-19 23:55:00,
Process Lab/Debugging,ProcessLab,2020-01-06 23:55:00,
CPU Scheduling Homework,CPU_Scheduling,2020-01-08 23:55:00,
BareMetalOS Filesystem,BareMetalOS/Filesystem,2020-01-13 23:55:00,
Threads and Semaphore Basics,SemaphoreLab,2020-01-16 23:55:00,
ADVANCED Hybrid Threads,HybridThreads,2020-01-20 23:55:00,
Semaphores Homework 1,SemaphoreHomework1,2020-01-23 23:55:00,
ADVANCED Semaphores Homework 2,SemaphoreHomework2,2020-01-27 23:55:00,
BareMetalOS Scheduling,BareMetalOS/Scheduling,2020-02-03 23:55:00,
Virtual Memory Lab 1,VirtualMemoryLab,2020-02-10 23:55:00,
ADVANCED Virtual Memory Lab 2,VirtualMemoryLab2,2020-02-13 23:55:00,
ADVANCED Garbage Collection,GarbageCollect,2020-02-20 23:55:00,
